Web Page URL,Number of Images, List of URLs referenced on the webpage
https://franchisesuppliernetwork.com/,114,"['https://franchisesuppliernetwork.com/', 'https://franchisesuppliernetwork.com/assessment/', 'https://franchisesuppliernetwork.com/fsn-suppliers/', 'https://franchisesuppliernetwork.com/fsn-suppliers/financial-services/', 'https://franchisesuppliernetwork.com/fsn-suppliers/human-resources-services/', 'https://franchisesuppliernetwork.com/fsn-suppliers/marketing-services/', 'https://franchisesuppliernetwork.com/fsn-suppliers/operation-services/', 'https://franchisesuppliernetwork.com/fsn-suppliers/real-estate-services/', 'https://franchisesuppliernetwork.com/fsn-suppliers/legal-services/', 'https://franchisesuppliernetwork.com/supplier-memberships/', 'https://franchisesuppliernetwork.com/resources/', 'https://franchisesuppliernetwork.com/about/', 'https://franchisesuppliernetwork.com/contact/', 'https://franchisesuppliernetwork.com/featured-supplier/one-click-contractor/', 'https://franchisesuppliernetwork.com/featured-supplier/discover-my-franchise/', 'https://franchisesuppliernetwork.com/featured-supplier/pandologic/', 'https://franchisesuppliernetwork.com/featured-supplier/franfund/', 'https://franchisesuppliernetwork.com/featured-supplier/lineup-ai/', 'https://franchisesuppliernetwork.com/featured-supplier/profitkeeper/', 'https://franchisesuppliernetwork.com/featured-supplier/david-energy/', 'https://franchisesuppliernetwork.com/featured-supplier/small-software/', 'https://franchisesuppliernetwork.com/featured-supplier/integrated-digital-strategies/', 'https://franchisesuppliernetwork.com/featured-supplier/scorpion/', 'https://franchisesuppliernetwork.com/featured-supplier/proposify/', 'https://franchisesuppliernetwork.com/featured-supplier/careertopia-franchise-executive-search/', 'https://franchisesuppliernetwork.com/featured-supplier/thryv/', 'https://franchisesuppliernetwork.com/featured-supplier/two-ladders/', 'https://franchisesuppliernetwork.com/featured-supplier/map-ranks/', 'https://franchisesuppliernetwork.com/featured-supplier/answerconnect/', 'https://franchisesuppliernetwork.com/featured-supplier/showmaker-productions/', 'https://franchisesuppliernetwork.com/featured-supplier/clienttether/', 'https://franchisesuppliernetwork.com/featured-supplier/1huddle/', 'https://franchisesuppliernetwork.com/featured-supplier/elysium-marketing-group/', 'https://franchisesuppliernetwork.com/featured-supplier/specialized-accounting-services/', 'https://franchisesuppliernetwork.com/featured-supplier/franchisely/', 'https://franchisesuppliernetwork.com/featured-supplier/mfv-expositions/', 'https://franchisesuppliernetwork.com/featured-supplier/northeast-color/', 'https://franchisesuppliernetwork.com/featured-supplier/altus-commerce/', 'https://franchisesuppliernetwork.com/featured-supplier/bann-business-solutions/', 'https://franchisesuppliernetwork.com/featured-supplier/suttle-straus/', 'https://franchisesuppliernetwork.com/featured-supplier/frannet/', 'https://franchisesuppliernetwork.com/featured-supplier/rikor/', 'https://franchisesuppliernetwork.com/featured-supplier/seamless-health/', 'https://franchisesuppliernetwork.com/featured-supplier/orchatect/', 'https://franchisesuppliernetwork.com/featured-supplier/upfront/', 'https://franchisesuppliernetwork.com/featured-supplier/consumer-fusion/', 'https://franchisesuppliernetwork.com/featured-supplier/clicktecs/', 'https://franchisesuppliernetwork.com/featured-supplier/delightree/', 'https://franchisesuppliernetwork.com/featured-supplier/choice-local/', 'https://franchisesuppliernetwork.com/featured-supplier/location3/', 'https://franchisesuppliernetwork.com/featured-supplier/entrepreneur-magazine/', 'https://franchisesuppliernetwork.com/featured-supplier/fisher-zucker/', 'https://franchisesuppliernetwork.com/featured-supplier/franchise-elevator-pr/', 'https://franchisesuppliernetwork.com/featured-supplier/fishman-public-relations/', 'https://franchisesuppliernetwork.com/featured-supplier/nocap-sports/', 'https://franchisesuppliernetwork.com/featured-supplier/serviceminder/', 'https://franchisesuppliernetwork.com/featured-supplier/onaroll/', 'https://franchisesuppliernetwork.com/featured-supplier/leasecake/', 'https://franchisesuppliernetwork.com/featured-supplier/rallio/', 'https://franchisesuppliernetwork.com/fsn-members']"
https://franchisesuppliernetwork.com/assessment/,2,"['https://franchisesuppliernetwork.com/', 'https://franchisesuppliernetwork.com/assessment/', 'https://franchisesuppliernetwork.com/fsn-suppliers/', 'https://franchisesuppliernetwork.com/fsn-suppliers/financial-services/', 'https://franchisesuppliernetwork.com/fsn-suppliers/human-resources-services/', 'https://franchisesuppliernetwork.com/fsn-suppliers/marketing-services/', 'https://franchisesuppliernetwork.com/fsn-suppliers/operation-services/', 'https://franchisesuppliernetwork.com/fsn-suppliers/real-estate-services/', 'https://franchisesuppliernetwork.com/fsn-suppliers/legal-services/', 'https://franchisesuppliernetwork.com/supplier-memberships/', 'https://franchisesuppliernetwork.com/resources/', 'https://franchisesuppliernetwork.com/about/', 'https://franchisesuppliernetwork.com/contact/', 'https://franchisesuppliernetwork.com/fsn-members']"
https://franchisesuppliernetwork.com/fsn-suppliers/,14,"['https://franchisesuppliernetwork.com/', 'https://franchisesuppliernetwork.com/assessment/', 'https://franchisesuppliernetwork.com/fsn-suppliers/', 'https://franchisesuppliernetwork.com/fsn-suppliers/financial-services/', 'https://franchisesuppliernetwork.com/fsn-suppliers/human-resources-services/', 'https://franchisesuppliernetwork.com/fsn-suppliers/marketing-services/', 'https://franchisesuppliernetwork.com/fsn-suppliers/operation-services/', 'https://franchisesuppliernetwork.com/fsn-suppliers/real-estate-services/', 'https://franchisesuppliernetwork.com/fsn-suppliers/legal-services/', 'https://franchisesuppliernetwork.com/supplier-memberships/', 'https://franchisesuppliernetwork.com/resources/', 'https://franchisesuppliernetwork.com/about/', 'https://franchisesuppliernetwork.com/contact/', 'https://franchisesuppliernetwork.com/featured-supplier/commercial-investigations-llc/', 'https://franchisesuppliernetwork.com/featured-supplier/appell-line-striping/', 'https://franchisesuppliernetwork.com/featured-supplier/altir-industries/', 'https://franchisesuppliernetwork.com/featured-supplier/gerson-advisory-services/', 'https://franchisesuppliernetwork.com/featured-supplier/salesdesk/', 'https://franchisesuppliernetwork.com/featured-supplier/outsource-access/', 'https://franchisesuppliernetwork.com/featured-supplier/transitiv/', 'https://franchisesuppliernetwork.com/featured-supplier/clarity-voice/', 'https://franchisesuppliernetwork.com/featured-supplier/ezee-assist/', 'https://franchisesuppliernetwork.com/featured-supplier/easil/', 'https://franchisesuppliernetwork.com/featured-supplier/smappen/', 'https://franchisesuppliernetwork.com/featured-supplier/acg-employee-benefits/', 'https://franchisesuppliernetwork.com/fsn-suppliers/page/2/', 'https://franchisesuppliernetwork.com/fsn-suppliers/page/3/', 'https://franchisesuppliernetwork.com/fsn-suppliers/page/4/', 'https://franchisesuppliernetwork.com/fsn-suppliers/page/5/', 'https://franchisesuppliernetwork.com/fsn-suppliers/page/8/', 'https://franchisesuppliernetwork.com/fsn-members']"
https://franchisesuppliernetwork.com/fsn-suppliers/financial-services/,2,"['https://franchisesuppliernetwork.com/', 'https://franchisesuppliernetwork.com/assessment/', 'https://franchisesuppliernetwork.com/fsn-suppliers/', 'https://franchisesuppliernetwork.com/fsn-suppliers/financial-services/', 'https://franchisesuppliernetwork.com/fsn-suppliers/human-resources-services/', 'https://franchisesuppliernetwork.com/fsn-suppliers/marketing-services/', 'https://franchisesuppliernetwork.com/fsn-suppliers/operation-services/', 'https://franchisesuppliernetwork.com/fsn-suppliers/real-estate-services/', 'https://franchisesuppliernetwork.com/fsn-suppliers/legal-services/', 'https://franchisesuppliernetwork.com/supplier-memberships/', 'https://franchisesuppliernetwork.com/resources/', 'https://franchisesuppliernetwork.com/about/', 'https://franchisesuppliernetwork.com/contact/', 'https://franchisesuppliernetwork.com/fsn-suppliers/?category=financial-services', 'https://franchisesuppliernetwork.com/fsn-members']"
https://franchisesuppliernetwork.com/fsn-suppliers/human-resources-services/,2,"['https://franchisesuppliernetwork.com/', 'https://franchisesuppliernetwork.com/assessment/', 'https://franchisesuppliernetwork.com/fsn-suppliers/', 'https://franchisesuppliernetwork.com/fsn-suppliers/financial-services/', 'https://franchisesuppliernetwork.com/fsn-suppliers/human-resources-services/', 'https://franchisesuppliernetwork.com/fsn-suppliers/marketing-services/', 'https://franchisesuppliernetwork.com/fsn-suppliers/operation-services/', 'https://franchisesuppliernetwork.com/fsn-suppliers/real-estate-services/', 'https://franchisesuppliernetwork.com/fsn-suppliers/legal-services/', 'https://franchisesuppliernetwork.com/supplier-memberships/', 'https://franchisesuppliernetwork.com/resources/', 'https://franchisesuppliernetwork.com/about/', 'https://franchisesuppliernetwork.com/contact/', 'https://franchisesuppliernetwork.com/fsn-suppliers/?category=human-resources', 'https://franchisesuppliernetwork.com/fsn-members']"
https://franchisesuppliernetwork.com/fsn-suppliers/marketing-services/,2,"['https://franchisesuppliernetwork.com/', 'https://franchisesuppliernetwork.com/assessment/', 'https://franchisesuppliernetwork.com/fsn-suppliers/', 'https://franchisesuppliernetwork.com/fsn-suppliers/financial-services/', 'https://franchisesuppliernetwork.com/fsn-suppliers/human-resources-services/', 'https://franchisesuppliernetwork.com/fsn-suppliers/marketing-services/', 'https://franchisesuppliernetwork.com/fsn-suppliers/operation-services/', 'https://franchisesuppliernetwork.com/fsn-suppliers/real-estate-services/', 'https://franchisesuppliernetwork.com/fsn-suppliers/legal-services/', 'https://franchisesuppliernetwork.com/supplier-memberships/', 'https://franchisesuppliernetwork.com/resources/', 'https://franchisesuppliernetwork.com/about/', 'https://franchisesuppliernetwork.com/contact/', 'https://franchisesuppliernetwork.com/fsn-suppliers/?category=marketing', 'https://franchisesuppliernetwork.com/fsn-members']"
https://franchisesuppliernetwork.com/fsn-suppliers/operation-services/,2,"['https://franchisesuppliernetwork.com/', 'https://franchisesuppliernetwork.com/assessment/', 'https://franchisesuppliernetwork.com/fsn-suppliers/', 'https://franchisesuppliernetwork.com/fsn-suppliers/financial-services/', 'https://franchisesuppliernetwork.com/fsn-suppliers/human-resources-services/', 'https://franchisesuppliernetwork.com/fsn-suppliers/marketing-services/', 'https://franchisesuppliernetwork.com/fsn-suppliers/operation-services/', 'https://franchisesuppliernetwork.com/fsn-suppliers/real-estate-services/', 'https://franchisesuppliernetwork.com/fsn-suppliers/legal-services/', 'https://franchisesuppliernetwork.com/supplier-memberships/', 'https://franchisesuppliernetwork.com/resources/', 'https://franchisesuppliernetwork.com/about/', 'https://franchisesuppliernetwork.com/contact/', 'https://franchisesuppliernetwork.com/fsn-suppliers/?category=operations', 'https://franchisesuppliernetwork.com/fsn-members']"
https://franchisesuppliernetwork.com/fsn-suppliers/real-estate-services/,2,"['https://franchisesuppliernetwork.com/', 'https://franchisesuppliernetwork.com/assessment/', 'https://franchisesuppliernetwork.com/fsn-suppliers/', 'https://franchisesuppliernetwork.com/fsn-suppliers/financial-services/', 'https://franchisesuppliernetwork.com/fsn-suppliers/human-resources-services/', 'https://franchisesuppliernetwork.com/fsn-suppliers/marketing-services/', 'https://franchisesuppliernetwork.com/fsn-suppliers/operation-services/', 'https://franchisesuppliernetwork.com/fsn-suppliers/real-estate-services/', 'https://franchisesuppliernetwork.com/fsn-suppliers/legal-services/', 'https://franchisesuppliernetwork.com/supplier-memberships/', 'https://franchisesuppliernetwork.com/resources/', 'https://franchisesuppliernetwork.com/about/', 'https://franchisesuppliernetwork.com/contact/', 'https://franchisesuppliernetwork.com/fsn-suppliers/?category=real-estate', 'https://franchisesuppliernetwork.com/fsn-members']"
https://franchisesuppliernetwork.com/fsn-suppliers/legal-services/,2,"['https://franchisesuppliernetwork.com/', 'https://franchisesuppliernetwork.com/assessment/', 'https://franchisesuppliernetwork.com/fsn-suppliers/', 'https://franchisesuppliernetwork.com/fsn-suppliers/financial-services/', 'https://franchisesuppliernetwork.com/fsn-suppliers/human-resources-services/', 'https://franchisesuppliernetwork.com/fsn-suppliers/marketing-services/', 'https://franchisesuppliernetwork.com/fsn-suppliers/operation-services/', 'https://franchisesuppliernetwork.com/fsn-suppliers/real-estate-services/', 'https://franchisesuppliernetwork.com/fsn-suppliers/legal-services/', 'https://franchisesuppliernetwork.com/supplier-memberships/', 'https://franchisesuppliernetwork.com/resources/', 'https://franchisesuppliernetwork.com/about/', 'https://franchisesuppliernetwork.com/contact/', 'https://franchisesuppliernetwork.com/fsn-suppliers/?category=legal', 'https://franchisesuppliernetwork.com/fsn-members']"
https://franchisesuppliernetwork.com/supplier-memberships/,2,"['https://franchisesuppliernetwork.com/', 'https://franchisesuppliernetwork.com/assessment/', 'https://franchisesuppliernetwork.com/fsn-suppliers/', 'https://franchisesuppliernetwork.com/fsn-suppliers/financial-services/', 'https://franchisesuppliernetwork.com/fsn-suppliers/human-resources-services/', 'https://franchisesuppliernetwork.com/fsn-suppliers/marketing-services/', 'https://franchisesuppliernetwork.com/fsn-suppliers/operation-services/', 'https://franchisesuppliernetwork.com/fsn-suppliers/real-estate-services/', 'https://franchisesuppliernetwork.com/fsn-suppliers/legal-services/', 'https://franchisesuppliernetwork.com/supplier-memberships/', 'https://franchisesuppliernetwork.com/resources/', 'https://franchisesuppliernetwork.com/about/', 'https://franchisesuppliernetwork.com/contact/', 'https://franchisesuppliernetwork.com/fsn-members']"
https://franchisesuppliernetwork.com/resources/,14,"['https://franchisesuppliernetwork.com/', 'https://franchisesuppliernetwork.com/assessment/', 'https://franchisesuppliernetwork.com/fsn-suppliers/', 'https://franchisesuppliernetwork.com/fsn-suppliers/financial-services/', 'https://franchisesuppliernetwork.com/fsn-suppliers/human-resources-services/', 'https://franchisesuppliernetwork.com/fsn-suppliers/marketing-services/', 'https://franchisesuppliernetwork.com/fsn-suppliers/operation-services/', 'https://franchisesuppliernetwork.com/fsn-suppliers/real-estate-services/', 'https://franchisesuppliernetwork.com/fsn-suppliers/legal-services/', 'https://franchisesuppliernetwork.com/supplier-memberships/', 'https://franchisesuppliernetwork.com/resources/', 'https://franchisesuppliernetwork.com/about/', 'https://franchisesuppliernetwork.com/contact/', 'https://franchisesuppliernetwork.com/supplier-wire-037/', 'https://franchisesuppliernetwork.com/strategy-meets-innovation-find8/', 'https://franchisesuppliernetwork.com/leveraging-technology-marketing-scorpion/', 'https://franchisesuppliernetwork.com/woven-lms-usage-franchisor-roi/', 'https://franchisesuppliernetwork.com/serviceminder-mosquito-squad-a-buzzing-business-triples/', 'https://franchisesuppliernetwork.com/expanding-through-strategic-real-estate-development/', 'https://franchisesuppliernetwork.com/k9-resorts-smappen/', 'https://franchisesuppliernetwork.com/supplier-wire-036/', 'https://franchisesuppliernetwork.com/morrow-hill-franchise-ascension-initiative/', 'https://franchisesuppliernetwork.com/awarity-programmatic-ads/', 'https://franchisesuppliernetwork.com/understanding-cam-charges/', 'https://franchisesuppliernetwork.com/supplier-wire-035/', 'https://franchisesuppliernetwork.com/resources/page/2/', 'https://franchisesuppliernetwork.com/resources/page/3/', 'https://franchisesuppliernetwork.com/resources/page/4/', 'https://franchisesuppliernetwork.com/resources/page/5/', 'https://franchisesuppliernetwork.com/resources/page/10/', 'https://franchisesuppliernetwork.com/resources/page/15/', 'https://franchisesuppliernetwork.com/fsn-members']"
https://franchisesuppliernetwork.com/about/,7,"['https://franchisesuppliernetwork.com/', 'https://franchisesuppliernetwork.com/assessment/', 'https://franchisesuppliernetwork.com/fsn-suppliers/', 'https://franchisesuppliernetwork.com/fsn-suppliers/financial-services/', 'https://franchisesuppliernetwork.com/fsn-suppliers/human-resources-services/', 'https://franchisesuppliernetwork.com/fsn-suppliers/marketing-services/', 'https://franchisesuppliernetwork.com/fsn-suppliers/operation-services/', 'https://franchisesuppliernetwork.com/fsn-suppliers/real-estate-services/', 'https://franchisesuppliernetwork.com/fsn-suppliers/legal-services/', 'https://franchisesuppliernetwork.com/supplier-memberships/', 'https://franchisesuppliernetwork.com/resources/', 'https://franchisesuppliernetwork.com/about/', 'https://franchisesuppliernetwork.com/contact/', 'https://franchisesuppliernetwork.com/fsn-members']"
https://franchisesuppliernetwork.com/contact/,2,"['https://franchisesuppliernetwork.com/', 'https://franchisesuppliernetwork.com/assessment/', 'https://franchisesuppliernetwork.com/fsn-suppliers/', 'https://franchisesuppliernetwork.com/fsn-suppliers/financial-services/', 'https://franchisesuppliernetwork.com/fsn-suppliers/human-resources-services/', 'https://franchisesuppliernetwork.com/fsn-suppliers/marketing-services/', 'https://franchisesuppliernetwork.com/fsn-suppliers/operation-services/', 'https://franchisesuppliernetwork.com/fsn-suppliers/real-estate-services/', 'https://franchisesuppliernetwork.com/fsn-suppliers/legal-services/', 'https://franchisesuppliernetwork.com/supplier-memberships/', 'https://franchisesuppliernetwork.com/resources/', 'https://franchisesuppliernetwork.com/about/', 'https://franchisesuppliernetwork.com/contact/', 'https://franchisesuppliernetwork.com/fsn-members']"
https://franchisesuppliernetwork.com/featured-supplier/one-click-contractor/,3,"['https://franchisesuppliernetwork.com/', 'https://franchisesuppliernetwork.com/assessment/', 'https://franchisesuppliernetwork.com/fsn-suppliers/', 'https://franchisesuppliernetwork.com/fsn-suppliers/financial-services/', 'https://franchisesuppliernetwork.com/fsn-suppliers/human-resources-services/', 'https://franchisesuppliernetwork.com/fsn-suppliers/marketing-services/', 'https://franchisesuppliernetwork.com/fsn-suppliers/operation-services/', 'https://franchisesuppliernetwork.com/fsn-suppliers/real-estate-services/', 'https://franchisesuppliernetwork.com/fsn-suppliers/legal-services/', 'https://franchisesuppliernetwork.com/supplier-memberships/', 'https://franchisesuppliernetwork.com/resources/', 'https://franchisesuppliernetwork.com/about/', 'https://franchisesuppliernetwork.com/contact/', 'https://franchisesuppliernetwork.com/one-click-contractor/', 'https://franchisesuppliernetwork.com/fsn-members']"
https://franchisesuppliernetwork.com/featured-supplier/discover-my-franchise/,3,"['https://franchisesuppliernetwork.com/', 'https://franchisesuppliernetwork.com/assessment/', 'https://franchisesuppliernetwork.com/fsn-suppliers/', 'https://franchisesuppliernetwork.com/fsn-suppliers/financial-services/', 'https://franchisesuppliernetwork.com/fsn-suppliers/human-resources-services/', 'https://franchisesuppliernetwork.com/fsn-suppliers/marketing-services/', 'https://franchisesuppliernetwork.com/fsn-suppliers/operation-services/', 'https://franchisesuppliernetwork.com/fsn-suppliers/real-estate-services/', 'https://franchisesuppliernetwork.com/fsn-suppliers/legal-services/', 'https://franchisesuppliernetwork.com/supplier-memberships/', 'https://franchisesuppliernetwork.com/resources/', 'https://franchisesuppliernetwork.com/about/', 'https://franchisesuppliernetwork.com/contact/', 'https://franchisesuppliernetwork.com/franchise-supplier-wire-024/', 'https://franchisesuppliernetwork.com/wp-content/uploads/2023/07/DMF_Brochure.pdf', 'https://franchisesuppliernetwork.com/fsn-members']"
https://franchisesuppliernetwork.com/featured-supplier/pandologic/,3,"['https://franchisesuppliernetwork.com/', 'https://franchisesuppliernetwork.com/assessment/', 'https://franchisesuppliernetwork.com/fsn-suppliers/', 'https://franchisesuppliernetwork.com/fsn-suppliers/financial-services/', 'https://franchisesuppliernetwork.com/fsn-suppliers/human-resources-services/', 'https://franchisesuppliernetwork.com/fsn-suppliers/marketing-services/', 'https://franchisesuppliernetwork.com/fsn-suppliers/operation-services/', 'https://franchisesuppliernetwork.com/fsn-suppliers/real-estate-services/', 'https://franchisesuppliernetwork.com/fsn-suppliers/legal-services/', 'https://franchisesuppliernetwork.com/supplier-memberships/', 'https://franchisesuppliernetwork.com/resources/', 'https://franchisesuppliernetwork.com/about/', 'https://franchisesuppliernetwork.com/contact/', 'https://franchisesuppliernetwork.com/supplier-wire-029/', 'https://franchisesuppliernetwork.com/wp-content/uploads/2023/06/pandoIQ-and-pandoSELECT-Franchise-One-Sheet.pdf', 'https://franchisesuppliernetwork.com/fsn-members']"
https://franchisesuppliernetwork.com/featured-supplier/franfund/,3,"['https://franchisesuppliernetwork.com/', 'https://franchisesuppliernetwork.com/assessment/', 'https://franchisesuppliernetwork.com/fsn-suppliers/', 'https://franchisesuppliernetwork.com/fsn-suppliers/financial-services/', 'https://franchisesuppliernetwork.com/fsn-suppliers/human-resources-services/', 'https://franchisesuppliernetwork.com/fsn-suppliers/marketing-services/', 'https://franchisesuppliernetwork.com/fsn-suppliers/operation-services/', 'https://franchisesuppliernetwork.com/fsn-suppliers/real-estate-services/', 'https://franchisesuppliernetwork.com/fsn-suppliers/legal-services/', 'https://franchisesuppliernetwork.com/supplier-memberships/', 'https://franchisesuppliernetwork.com/resources/', 'https://franchisesuppliernetwork.com/about/', 'https://franchisesuppliernetwork.com/contact/', 'https://franchisesuppliernetwork.com/franfund-voted-1-financing-franchise-supplier-by-entrepreneur-magazine/', 'https://franchisesuppliernetwork.com/franchise-supplier-wire-019/', 'https://franchisesuppliernetwork.com/fsn-members']"
https://franchisesuppliernetwork.com/featured-supplier/lineup-ai/,3,"['https://franchisesuppliernetwork.com/', 'https://franchisesuppliernetwork.com/assessment/', 'https://franchisesuppliernetwork.com/fsn-suppliers/', 'https://franchisesuppliernetwork.com/fsn-suppliers/financial-services/', 'https://franchisesuppliernetwork.com/fsn-suppliers/human-resources-services/', 'https://franchisesuppliernetwork.com/fsn-suppliers/marketing-services/', 'https://franchisesuppliernetwork.com/fsn-suppliers/operation-services/', 'https://franchisesuppliernetwork.com/fsn-suppliers/real-estate-services/', 'https://franchisesuppliernetwork.com/fsn-suppliers/legal-services/', 'https://franchisesuppliernetwork.com/supplier-memberships/', 'https://franchisesuppliernetwork.com/resources/', 'https://franchisesuppliernetwork.com/about/', 'https://franchisesuppliernetwork.com/contact/', 'https://franchisesuppliernetwork.com/franchise-supplier-wire-023/', 'https://franchisesuppliernetwork.com/fsn-members']"
https://franchisesuppliernetwork.com/featured-supplier/profitkeeper/,3,"['https://franchisesuppliernetwork.com/', 'https://franchisesuppliernetwork.com/assessment/', 'https://franchisesuppliernetwork.com/fsn-suppliers/', 'https://franchisesuppliernetwork.com/fsn-suppliers/financial-services/', 'https://franchisesuppliernetwork.com/fsn-suppliers/human-resources-services/', 'https://franchisesuppliernetwork.com/fsn-suppliers/marketing-services/', 'https://franchisesuppliernetwork.com/fsn-suppliers/operation-services/', 'https://franchisesuppliernetwork.com/fsn-suppliers/real-estate-services/', 'https://franchisesuppliernetwork.com/fsn-suppliers/legal-services/', 'https://franchisesuppliernetwork.com/supplier-memberships/', 'https://franchisesuppliernetwork.com/resources/', 'https://franchisesuppliernetwork.com/about/', 'https://franchisesuppliernetwork.com/contact/', 'https://franchisesuppliernetwork.com/fsn-members']"
https://franchisesuppliernetwork.com/featured-supplier/david-energy/,3,"['https://franchisesuppliernetwork.com/', 'https://franchisesuppliernetwork.com/assessment/', 'https://franchisesuppliernetwork.com/fsn-suppliers/', 'https://franchisesuppliernetwork.com/fsn-suppliers/financial-services/', 'https://franchisesuppliernetwork.com/fsn-suppliers/human-resources-services/', 'https://franchisesuppliernetwork.com/fsn-suppliers/marketing-services/', 'https://franchisesuppliernetwork.com/fsn-suppliers/operation-services/', 'https://franchisesuppliernetwork.com/fsn-suppliers/real-estate-services/', 'https://franchisesuppliernetwork.com/fsn-suppliers/legal-services/', 'https://franchisesuppliernetwork.com/supplier-memberships/', 'https://franchisesuppliernetwork.com/resources/', 'https://franchisesuppliernetwork.com/about/', 'https://franchisesuppliernetwork.com/contact/', 'https://franchisesuppliernetwork.com/fsn-members']"
https://franchisesuppliernetwork.com/featured-supplier/small-software/,3,"['https://franchisesuppliernetwork.com/', 'https://franchisesuppliernetwork.com/assessment/', 'https://franchisesuppliernetwork.com/fsn-suppliers/', 'https://franchisesuppliernetwork.com/fsn-suppliers/financial-services/', 'https://franchisesuppliernetwork.com/fsn-suppliers/human-resources-services/', 'https://franchisesuppliernetwork.com/fsn-suppliers/marketing-services/', 'https://franchisesuppliernetwork.com/fsn-suppliers/operation-services/', 'https://franchisesuppliernetwork.com/fsn-suppliers/real-estate-services/', 'https://franchisesuppliernetwork.com/fsn-suppliers/legal-services/', 'https://franchisesuppliernetwork.com/supplier-memberships/', 'https://franchisesuppliernetwork.com/resources/', 'https://franchisesuppliernetwork.com/about/', 'https://franchisesuppliernetwork.com/contact/', 'https://franchisesuppliernetwork.com/franchise-supplier-wire-018/', 'https://franchisesuppliernetwork.com/fsn-members']"
https://franchisesuppliernetwork.com/featured-supplier/integrated-digital-strategies/,3,"['https://franchisesuppliernetwork.com/', 'https://franchisesuppliernetwork.com/assessment/', 'https://franchisesuppliernetwork.com/fsn-suppliers/', 'https://franchisesuppliernetwork.com/fsn-suppliers/financial-services/', 'https://franchisesuppliernetwork.com/fsn-suppliers/human-resources-services/', 'https://franchisesuppliernetwork.com/fsn-suppliers/marketing-services/', 'https://franchisesuppliernetwork.com/fsn-suppliers/operation-services/', 'https://franchisesuppliernetwork.com/fsn-suppliers/real-estate-services/', 'https://franchisesuppliernetwork.com/fsn-suppliers/legal-services/', 'https://franchisesuppliernetwork.com/supplier-memberships/', 'https://franchisesuppliernetwork.com/resources/', 'https://franchisesuppliernetwork.com/about/', 'https://franchisesuppliernetwork.com/contact/', 'https://franchisesuppliernetwork.com/fsn-members']"
https://franchisesuppliernetwork.com/featured-supplier/scorpion/,3,"['https://franchisesuppliernetwork.com/', 'https://franchisesuppliernetwork.com/assessment/', 'https://franchisesuppliernetwork.com/fsn-suppliers/', 'https://franchisesuppliernetwork.com/fsn-suppliers/financial-services/', 'https://franchisesuppliernetwork.com/fsn-suppliers/human-resources-services/', 'https://franchisesuppliernetwork.com/fsn-suppliers/marketing-services/', 'https://franchisesuppliernetwork.com/fsn-suppliers/operation-services/', 'https://franchisesuppliernetwork.com/fsn-suppliers/real-estate-services/', 'https://franchisesuppliernetwork.com/fsn-suppliers/legal-services/', 'https://franchisesuppliernetwork.com/supplier-memberships/', 'https://franchisesuppliernetwork.com/resources/', 'https://franchisesuppliernetwork.com/about/', 'https://franchisesuppliernetwork.com/contact/', 'https://franchisesuppliernetwork.com/leveraging-technology-marketing-scorpion/', 'https://franchisesuppliernetwork.com/fsn-members']"
https://franchisesuppliernetwork.com/featured-supplier/proposify/,3,"['https://franchisesuppliernetwork.com/', 'https://franchisesuppliernetwork.com/assessment/', 'https://franchisesuppliernetwork.com/fsn-suppliers/', 'https://franchisesuppliernetwork.com/fsn-suppliers/financial-services/', 'https://franchisesuppliernetwork.com/fsn-suppliers/human-resources-services/', 'https://franchisesuppliernetwork.com/fsn-suppliers/marketing-services/', 'https://franchisesuppliernetwork.com/fsn-suppliers/operation-services/', 'https://franchisesuppliernetwork.com/fsn-suppliers/real-estate-services/', 'https://franchisesuppliernetwork.com/fsn-suppliers/legal-services/', 'https://franchisesuppliernetwork.com/supplier-memberships/', 'https://franchisesuppliernetwork.com/resources/', 'https://franchisesuppliernetwork.com/about/', 'https://franchisesuppliernetwork.com/contact/', 'https://franchisesuppliernetwork.com/fsn-members']"
https://franchisesuppliernetwork.com/featured-supplier/careertopia-franchise-executive-search/,3,"['https://franchisesuppliernetwork.com/', 'https://franchisesuppliernetwork.com/assessment/', 'https://franchisesuppliernetwork.com/fsn-suppliers/', 'https://franchisesuppliernetwork.com/fsn-suppliers/financial-services/', 'https://franchisesuppliernetwork.com/fsn-suppliers/human-resources-services/', 'https://franchisesuppliernetwork.com/fsn-suppliers/marketing-services/', 'https://franchisesuppliernetwork.com/fsn-suppliers/operation-services/', 'https://franchisesuppliernetwork.com/fsn-suppliers/real-estate-services/', 'https://franchisesuppliernetwork.com/fsn-suppliers/legal-services/', 'https://franchisesuppliernetwork.com/supplier-memberships/', 'https://franchisesuppliernetwork.com/resources/', 'https://franchisesuppliernetwork.com/about/', 'https://franchisesuppliernetwork.com/contact/', 'https://franchisesuppliernetwork.com/exceptional-franchise-leaders/', 'https://franchisesuppliernetwork.com/franchise-supplier-wire-020/', 'https://franchisesuppliernetwork.com/fsn-members']"
https://franchisesuppliernetwork.com/featured-supplier/thryv/,3,"['https://franchisesuppliernetwork.com/', 'https://franchisesuppliernetwork.com/assessment/', 'https://franchisesuppliernetwork.com/fsn-suppliers/', 'https://franchisesuppliernetwork.com/fsn-suppliers/financial-services/', 'https://franchisesuppliernetwork.com/fsn-suppliers/human-resources-services/', 'https://franchisesuppliernetwork.com/fsn-suppliers/marketing-services/', 'https://franchisesuppliernetwork.com/fsn-suppliers/operation-services/', 'https://franchisesuppliernetwork.com/fsn-suppliers/real-estate-services/', 'https://franchisesuppliernetwork.com/fsn-suppliers/legal-services/', 'https://franchisesuppliernetwork.com/supplier-memberships/', 'https://franchisesuppliernetwork.com/resources/', 'https://franchisesuppliernetwork.com/about/', 'https://franchisesuppliernetwork.com/contact/', 'https://franchisesuppliernetwork.com/franchise-supplier-wire-014/', 'https://franchisesuppliernetwork.com/fsn-members']"
https://franchisesuppliernetwork.com/featured-supplier/two-ladders/,3,"['https://franchisesuppliernetwork.com/', 'https://franchisesuppliernetwork.com/assessment/', 'https://franchisesuppliernetwork.com/fsn-suppliers/', 'https://franchisesuppliernetwork.com/fsn-suppliers/financial-services/', 'https://franchisesuppliernetwork.com/fsn-suppliers/human-resources-services/', 'https://franchisesuppliernetwork.com/fsn-suppliers/marketing-services/', 'https://franchisesuppliernetwork.com/fsn-suppliers/operation-services/', 'https://franchisesuppliernetwork.com/fsn-suppliers/real-estate-services/', 'https://franchisesuppliernetwork.com/fsn-suppliers/legal-services/', 'https://franchisesuppliernetwork.com/supplier-memberships/', 'https://franchisesuppliernetwork.com/resources/', 'https://franchisesuppliernetwork.com/about/', 'https://franchisesuppliernetwork.com/contact/', 'https://franchisesuppliernetwork.com/fsn-members']"
https://franchisesuppliernetwork.com/featured-supplier/map-ranks/,3,"['https://franchisesuppliernetwork.com/', 'https://franchisesuppliernetwork.com/assessment/', 'https://franchisesuppliernetwork.com/fsn-suppliers/', 'https://franchisesuppliernetwork.com/fsn-suppliers/financial-services/', 'https://franchisesuppliernetwork.com/fsn-suppliers/human-resources-services/', 'https://franchisesuppliernetwork.com/fsn-suppliers/marketing-services/', 'https://franchisesuppliernetwork.com/fsn-suppliers/operation-services/', 'https://franchisesuppliernetwork.com/fsn-suppliers/real-estate-services/', 'https://franchisesuppliernetwork.com/fsn-suppliers/legal-services/', 'https://franchisesuppliernetwork.com/supplier-memberships/', 'https://franchisesuppliernetwork.com/resources/', 'https://franchisesuppliernetwork.com/about/', 'https://franchisesuppliernetwork.com/contact/', 'https://franchisesuppliernetwork.com/targeted-google-maps-retail-traffic/', 'https://franchisesuppliernetwork.com/franchise-supplier-wire-009/', 'https://franchisesuppliernetwork.com/fsn-members']"
https://franchisesuppliernetwork.com/featured-supplier/answerconnect/,3,"['https://franchisesuppliernetwork.com/', 'https://franchisesuppliernetwork.com/assessment/', 'https://franchisesuppliernetwork.com/fsn-suppliers/', 'https://franchisesuppliernetwork.com/fsn-suppliers/financial-services/', 'https://franchisesuppliernetwork.com/fsn-suppliers/human-resources-services/', 'https://franchisesuppliernetwork.com/fsn-suppliers/marketing-services/', 'https://franchisesuppliernetwork.com/fsn-suppliers/operation-services/', 'https://franchisesuppliernetwork.com/fsn-suppliers/real-estate-services/', 'https://franchisesuppliernetwork.com/fsn-suppliers/legal-services/', 'https://franchisesuppliernetwork.com/supplier-memberships/', 'https://franchisesuppliernetwork.com/resources/', 'https://franchisesuppliernetwork.com/about/', 'https://franchisesuppliernetwork.com/contact/', 'https://franchisesuppliernetwork.com/franchise-supplier-wire-016/', 'https://franchisesuppliernetwork.com/fsn-members']"
https://franchisesuppliernetwork.com/featured-supplier/showmaker-productions/,3,"['https://franchisesuppliernetwork.com/', 'https://franchisesuppliernetwork.com/assessment/', 'https://franchisesuppliernetwork.com/fsn-suppliers/', 'https://franchisesuppliernetwork.com/fsn-suppliers/financial-services/', 'https://franchisesuppliernetwork.com/fsn-suppliers/human-resources-services/', 'https://franchisesuppliernetwork.com/fsn-suppliers/marketing-services/', 'https://franchisesuppliernetwork.com/fsn-suppliers/operation-services/', 'https://franchisesuppliernetwork.com/fsn-suppliers/real-estate-services/', 'https://franchisesuppliernetwork.com/fsn-suppliers/legal-services/', 'https://franchisesuppliernetwork.com/supplier-memberships/', 'https://franchisesuppliernetwork.com/resources/', 'https://franchisesuppliernetwork.com/about/', 'https://franchisesuppliernetwork.com/contact/', 'https://franchisesuppliernetwork.com/short-form-franchise-videos/', 'https://franchisesuppliernetwork.com/fsn-members']"
https://franchisesuppliernetwork.com/featured-supplier/clienttether/,7,"['https://franchisesuppliernetwork.com/', 'https://franchisesuppliernetwork.com/assessment/', 'https://franchisesuppliernetwork.com/fsn-suppliers/', 'https://franchisesuppliernetwork.com/fsn-suppliers/financial-services/', 'https://franchisesuppliernetwork.com/fsn-suppliers/human-resources-services/', 'https://franchisesuppliernetwork.com/fsn-suppliers/marketing-services/', 'https://franchisesuppliernetwork.com/fsn-suppliers/operation-services/', 'https://franchisesuppliernetwork.com/fsn-suppliers/real-estate-services/', 'https://franchisesuppliernetwork.com/fsn-suppliers/legal-services/', 'https://franchisesuppliernetwork.com/supplier-memberships/', 'https://franchisesuppliernetwork.com/resources/', 'https://franchisesuppliernetwork.com/about/', 'https://franchisesuppliernetwork.com/contact/', 'https://franchisesuppliernetwork.com/increase-fran-dev-results/', 'https://franchisesuppliernetwork.com/franchise-supplier-wire-012/', 'https://franchisesuppliernetwork.com/4-tips-to-close-frandev-deals-faster/', 'https://franchisesuppliernetwork.com/fsn-members']"
https://franchisesuppliernetwork.com/featured-supplier/1huddle/,3,"['https://franchisesuppliernetwork.com/', 'https://franchisesuppliernetwork.com/assessment/', 'https://franchisesuppliernetwork.com/fsn-suppliers/', 'https://franchisesuppliernetwork.com/fsn-suppliers/financial-services/', 'https://franchisesuppliernetwork.com/fsn-suppliers/human-resources-services/', 'https://franchisesuppliernetwork.com/fsn-suppliers/marketing-services/', 'https://franchisesuppliernetwork.com/fsn-suppliers/operation-services/', 'https://franchisesuppliernetwork.com/fsn-suppliers/real-estate-services/', 'https://franchisesuppliernetwork.com/fsn-suppliers/legal-services/', 'https://franchisesuppliernetwork.com/supplier-memberships/', 'https://franchisesuppliernetwork.com/resources/', 'https://franchisesuppliernetwork.com/about/', 'https://franchisesuppliernetwork.com/contact/', 'https://franchisesuppliernetwork.com/franchise-supplier-wire-017/', 'https://franchisesuppliernetwork.com/fsn-members']"
https://franchisesuppliernetwork.com/featured-supplier/elysium-marketing-group/,3,"['https://franchisesuppliernetwork.com/', 'https://franchisesuppliernetwork.com/assessment/', 'https://franchisesuppliernetwork.com/fsn-suppliers/', 'https://franchisesuppliernetwork.com/fsn-suppliers/financial-services/', 'https://franchisesuppliernetwork.com/fsn-suppliers/human-resources-services/', 'https://franchisesuppliernetwork.com/fsn-suppliers/marketing-services/', 'https://franchisesuppliernetwork.com/fsn-suppliers/operation-services/', 'https://franchisesuppliernetwork.com/fsn-suppliers/real-estate-services/', 'https://franchisesuppliernetwork.com/fsn-suppliers/legal-services/', 'https://franchisesuppliernetwork.com/supplier-memberships/', 'https://franchisesuppliernetwork.com/resources/', 'https://franchisesuppliernetwork.com/about/', 'https://franchisesuppliernetwork.com/contact/', 'https://franchisesuppliernetwork.com/fsn-members']"
https://franchisesuppliernetwork.com/featured-supplier/specialized-accounting-services/,3,"['https://franchisesuppliernetwork.com/', 'https://franchisesuppliernetwork.com/assessment/', 'https://franchisesuppliernetwork.com/fsn-suppliers/', 'https://franchisesuppliernetwork.com/fsn-suppliers/financial-services/', 'https://franchisesuppliernetwork.com/fsn-suppliers/human-resources-services/', 'https://franchisesuppliernetwork.com/fsn-suppliers/marketing-services/', 'https://franchisesuppliernetwork.com/fsn-suppliers/operation-services/', 'https://franchisesuppliernetwork.com/fsn-suppliers/real-estate-services/', 'https://franchisesuppliernetwork.com/fsn-suppliers/legal-services/', 'https://franchisesuppliernetwork.com/supplier-memberships/', 'https://franchisesuppliernetwork.com/resources/', 'https://franchisesuppliernetwork.com/about/', 'https://franchisesuppliernetwork.com/contact/', 'https://franchisesuppliernetwork.com/fsn-members']"
https://franchisesuppliernetwork.com/featured-supplier/franchisely/,3,"['https://franchisesuppliernetwork.com/', 'https://franchisesuppliernetwork.com/assessment/', 'https://franchisesuppliernetwork.com/fsn-suppliers/', 'https://franchisesuppliernetwork.com/fsn-suppliers/financial-services/', 'https://franchisesuppliernetwork.com/fsn-suppliers/human-resources-services/', 'https://franchisesuppliernetwork.com/fsn-suppliers/marketing-services/', 'https://franchisesuppliernetwork.com/fsn-suppliers/operation-services/', 'https://franchisesuppliernetwork.com/fsn-suppliers/real-estate-services/', 'https://franchisesuppliernetwork.com/fsn-suppliers/legal-services/', 'https://franchisesuppliernetwork.com/supplier-memberships/', 'https://franchisesuppliernetwork.com/resources/', 'https://franchisesuppliernetwork.com/about/', 'https://franchisesuppliernetwork.com/contact/', 'https://franchisesuppliernetwork.com/fsn-members']"
https://franchisesuppliernetwork.com/featured-supplier/mfv-expositions/,3,"['https://franchisesuppliernetwork.com/', 'https://franchisesuppliernetwork.com/assessment/', 'https://franchisesuppliernetwork.com/fsn-suppliers/', 'https://franchisesuppliernetwork.com/fsn-suppliers/financial-services/', 'https://franchisesuppliernetwork.com/fsn-suppliers/human-resources-services/', 'https://franchisesuppliernetwork.com/fsn-suppliers/marketing-services/', 'https://franchisesuppliernetwork.com/fsn-suppliers/operation-services/', 'https://franchisesuppliernetwork.com/fsn-suppliers/real-estate-services/', 'https://franchisesuppliernetwork.com/fsn-suppliers/legal-services/', 'https://franchisesuppliernetwork.com/supplier-memberships/', 'https://franchisesuppliernetwork.com/resources/', 'https://franchisesuppliernetwork.com/about/', 'https://franchisesuppliernetwork.com/contact/', 'https://franchisesuppliernetwork.com/fsn-members']"
https://franchisesuppliernetwork.com/featured-supplier/northeast-color/,3,"['https://franchisesuppliernetwork.com/', 'https://franchisesuppliernetwork.com/assessment/', 'https://franchisesuppliernetwork.com/fsn-suppliers/', 'https://franchisesuppliernetwork.com/fsn-suppliers/financial-services/', 'https://franchisesuppliernetwork.com/fsn-suppliers/human-resources-services/', 'https://franchisesuppliernetwork.com/fsn-suppliers/marketing-services/', 'https://franchisesuppliernetwork.com/fsn-suppliers/operation-services/', 'https://franchisesuppliernetwork.com/fsn-suppliers/real-estate-services/', 'https://franchisesuppliernetwork.com/fsn-suppliers/legal-services/', 'https://franchisesuppliernetwork.com/supplier-memberships/', 'https://franchisesuppliernetwork.com/resources/', 'https://franchisesuppliernetwork.com/about/', 'https://franchisesuppliernetwork.com/contact/', 'https://franchisesuppliernetwork.com/wp-content/uploads/2023/01/FSN-Northeast-Color-Case-Study-The-DRIPBaR.pdf', 'https://franchisesuppliernetwork.com/fsn-members']"
https://franchisesuppliernetwork.com/featured-supplier/altus-commerce/,3,"['https://franchisesuppliernetwork.com/', 'https://franchisesuppliernetwork.com/assessment/', 'https://franchisesuppliernetwork.com/fsn-suppliers/', 'https://franchisesuppliernetwork.com/fsn-suppliers/financial-services/', 'https://franchisesuppliernetwork.com/fsn-suppliers/human-resources-services/', 'https://franchisesuppliernetwork.com/fsn-suppliers/marketing-services/', 'https://franchisesuppliernetwork.com/fsn-suppliers/operation-services/', 'https://franchisesuppliernetwork.com/fsn-suppliers/real-estate-services/', 'https://franchisesuppliernetwork.com/fsn-suppliers/legal-services/', 'https://franchisesuppliernetwork.com/supplier-memberships/', 'https://franchisesuppliernetwork.com/resources/', 'https://franchisesuppliernetwork.com/about/', 'https://franchisesuppliernetwork.com/contact/', 'https://franchisesuppliernetwork.com/fsn-members']"
https://franchisesuppliernetwork.com/featured-supplier/bann-business-solutions/,3,"['https://franchisesuppliernetwork.com/', 'https://franchisesuppliernetwork.com/assessment/', 'https://franchisesuppliernetwork.com/fsn-suppliers/', 'https://franchisesuppliernetwork.com/fsn-suppliers/financial-services/', 'https://franchisesuppliernetwork.com/fsn-suppliers/human-resources-services/', 'https://franchisesuppliernetwork.com/fsn-suppliers/marketing-services/', 'https://franchisesuppliernetwork.com/fsn-suppliers/operation-services/', 'https://franchisesuppliernetwork.com/fsn-suppliers/real-estate-services/', 'https://franchisesuppliernetwork.com/fsn-suppliers/legal-services/', 'https://franchisesuppliernetwork.com/supplier-memberships/', 'https://franchisesuppliernetwork.com/resources/', 'https://franchisesuppliernetwork.com/about/', 'https://franchisesuppliernetwork.com/contact/', 'https://franchisesuppliernetwork.com/franchise-good-news/', 'https://franchisesuppliernetwork.com/intent-data-marketing-for-franchise-systems/', 'https://franchisesuppliernetwork.com/fsn-members']"
https://franchisesuppliernetwork.com/featured-supplier/suttle-straus/,3,"['https://franchisesuppliernetwork.com/', 'https://franchisesuppliernetwork.com/assessment/', 'https://franchisesuppliernetwork.com/fsn-suppliers/', 'https://franchisesuppliernetwork.com/fsn-suppliers/financial-services/', 'https://franchisesuppliernetwork.com/fsn-suppliers/human-resources-services/', 'https://franchisesuppliernetwork.com/fsn-suppliers/marketing-services/', 'https://franchisesuppliernetwork.com/fsn-suppliers/operation-services/', 'https://franchisesuppliernetwork.com/fsn-suppliers/real-estate-services/', 'https://franchisesuppliernetwork.com/fsn-suppliers/legal-services/', 'https://franchisesuppliernetwork.com/supplier-memberships/', 'https://franchisesuppliernetwork.com/resources/', 'https://franchisesuppliernetwork.com/about/', 'https://franchisesuppliernetwork.com/contact/', 'https://franchisesuppliernetwork.com/suttle-straus-case-study/', 'https://franchisesuppliernetwork.com/wp-content/uploads/2023/01/Goldfish-Connected-Mail-Case-Study.pdf', 'https://franchisesuppliernetwork.com/fsn-members']"
https://franchisesuppliernetwork.com/featured-supplier/frannet/,3,"['https://franchisesuppliernetwork.com/', 'https://franchisesuppliernetwork.com/assessment/', 'https://franchisesuppliernetwork.com/fsn-suppliers/', 'https://franchisesuppliernetwork.com/fsn-suppliers/financial-services/', 'https://franchisesuppliernetwork.com/fsn-suppliers/human-resources-services/', 'https://franchisesuppliernetwork.com/fsn-suppliers/marketing-services/', 'https://franchisesuppliernetwork.com/fsn-suppliers/operation-services/', 'https://franchisesuppliernetwork.com/fsn-suppliers/real-estate-services/', 'https://franchisesuppliernetwork.com/fsn-suppliers/legal-services/', 'https://franchisesuppliernetwork.com/supplier-memberships/', 'https://franchisesuppliernetwork.com/resources/', 'https://franchisesuppliernetwork.com/about/', 'https://franchisesuppliernetwork.com/contact/', 'https://franchisesuppliernetwork.com/franchising-faqs/', 'https://franchisesuppliernetwork.com/franchise-supplier-wire-021/', 'https://franchisesuppliernetwork.com/frannet-franchise-success-stories/', 'https://franchisesuppliernetwork.com/fsn-members']"
https://franchisesuppliernetwork.com/featured-supplier/rikor/,3,"['https://franchisesuppliernetwork.com/', 'https://franchisesuppliernetwork.com/assessment/', 'https://franchisesuppliernetwork.com/fsn-suppliers/', 'https://franchisesuppliernetwork.com/fsn-suppliers/financial-services/', 'https://franchisesuppliernetwork.com/fsn-suppliers/human-resources-services/', 'https://franchisesuppliernetwork.com/fsn-suppliers/marketing-services/', 'https://franchisesuppliernetwork.com/fsn-suppliers/operation-services/', 'https://franchisesuppliernetwork.com/fsn-suppliers/real-estate-services/', 'https://franchisesuppliernetwork.com/fsn-suppliers/legal-services/', 'https://franchisesuppliernetwork.com/supplier-memberships/', 'https://franchisesuppliernetwork.com/resources/', 'https://franchisesuppliernetwork.com/about/', 'https://franchisesuppliernetwork.com/contact/', 'https://franchisesuppliernetwork.com/franchisors-risk-management/', 'https://franchisesuppliernetwork.com/franchise-supplier-wire-006/', 'https://franchisesuppliernetwork.com/fsn-members']"
https://franchisesuppliernetwork.com/featured-supplier/seamless-health/,3,"['https://franchisesuppliernetwork.com/', 'https://franchisesuppliernetwork.com/assessment/', 'https://franchisesuppliernetwork.com/fsn-suppliers/', 'https://franchisesuppliernetwork.com/fsn-suppliers/financial-services/', 'https://franchisesuppliernetwork.com/fsn-suppliers/human-resources-services/', 'https://franchisesuppliernetwork.com/fsn-suppliers/marketing-services/', 'https://franchisesuppliernetwork.com/fsn-suppliers/operation-services/', 'https://franchisesuppliernetwork.com/fsn-suppliers/real-estate-services/', 'https://franchisesuppliernetwork.com/fsn-suppliers/legal-services/', 'https://franchisesuppliernetwork.com/supplier-memberships/', 'https://franchisesuppliernetwork.com/resources/', 'https://franchisesuppliernetwork.com/about/', 'https://franchisesuppliernetwork.com/contact/', 'https://franchisesuppliernetwork.com/seamless-health-employee-benefits/', 'https://franchisesuppliernetwork.com/supplier-wire-004/', 'https://franchisesuppliernetwork.com/fsn-members']"
https://franchisesuppliernetwork.com/featured-supplier/orchatect/,3,"['https://franchisesuppliernetwork.com/', 'https://franchisesuppliernetwork.com/assessment/', 'https://franchisesuppliernetwork.com/fsn-suppliers/', 'https://franchisesuppliernetwork.com/fsn-suppliers/financial-services/', 'https://franchisesuppliernetwork.com/fsn-suppliers/human-resources-services/', 'https://franchisesuppliernetwork.com/fsn-suppliers/marketing-services/', 'https://franchisesuppliernetwork.com/fsn-suppliers/operation-services/', 'https://franchisesuppliernetwork.com/fsn-suppliers/real-estate-services/', 'https://franchisesuppliernetwork.com/fsn-suppliers/legal-services/', 'https://franchisesuppliernetwork.com/supplier-memberships/', 'https://franchisesuppliernetwork.com/resources/', 'https://franchisesuppliernetwork.com/about/', 'https://franchisesuppliernetwork.com/contact/', 'https://franchisesuppliernetwork.com/orchatect-on-franchise-technology-evolution/', 'https://franchisesuppliernetwork.com/supplier-wire-002/', 'https://franchisesuppliernetwork.com/wp-content/uploads/2022/11/QSP_Success_Story_Orchatect_020723.pdf', 'https://franchisesuppliernetwork.com/fsn-members']"
https://franchisesuppliernetwork.com/featured-supplier/upfront/,3,"['https://franchisesuppliernetwork.com/', 'https://franchisesuppliernetwork.com/assessment/', 'https://franchisesuppliernetwork.com/fsn-suppliers/', 'https://franchisesuppliernetwork.com/fsn-suppliers/financial-services/', 'https://franchisesuppliernetwork.com/fsn-suppliers/human-resources-services/', 'https://franchisesuppliernetwork.com/fsn-suppliers/marketing-services/', 'https://franchisesuppliernetwork.com/fsn-suppliers/operation-services/', 'https://franchisesuppliernetwork.com/fsn-suppliers/real-estate-services/', 'https://franchisesuppliernetwork.com/fsn-suppliers/legal-services/', 'https://franchisesuppliernetwork.com/supplier-memberships/', 'https://franchisesuppliernetwork.com/resources/', 'https://franchisesuppliernetwork.com/about/', 'https://franchisesuppliernetwork.com/contact/', 'https://franchisesuppliernetwork.com/supplier-wire-003/', 'https://franchisesuppliernetwork.com/increase-franchise-profits/', 'https://franchisesuppliernetwork.com/fsn-members']"
https://franchisesuppliernetwork.com/featured-supplier/consumer-fusion/,3,"['https://franchisesuppliernetwork.com/', 'https://franchisesuppliernetwork.com/assessment/', 'https://franchisesuppliernetwork.com/fsn-suppliers/', 'https://franchisesuppliernetwork.com/fsn-suppliers/financial-services/', 'https://franchisesuppliernetwork.com/fsn-suppliers/human-resources-services/', 'https://franchisesuppliernetwork.com/fsn-suppliers/marketing-services/', 'https://franchisesuppliernetwork.com/fsn-suppliers/operation-services/', 'https://franchisesuppliernetwork.com/fsn-suppliers/real-estate-services/', 'https://franchisesuppliernetwork.com/fsn-suppliers/legal-services/', 'https://franchisesuppliernetwork.com/supplier-memberships/', 'https://franchisesuppliernetwork.com/resources/', 'https://franchisesuppliernetwork.com/about/', 'https://franchisesuppliernetwork.com/contact/', 'https://franchisesuppliernetwork.com/ai-in-reputation-management/', 'https://franchisesuppliernetwork.com/fsn-members']"
https://franchisesuppliernetwork.com/featured-supplier/clicktecs/,3,"['https://franchisesuppliernetwork.com/', 'https://franchisesuppliernetwork.com/assessment/', 'https://franchisesuppliernetwork.com/fsn-suppliers/', 'https://franchisesuppliernetwork.com/fsn-suppliers/financial-services/', 'https://franchisesuppliernetwork.com/fsn-suppliers/human-resources-services/', 'https://franchisesuppliernetwork.com/fsn-suppliers/marketing-services/', 'https://franchisesuppliernetwork.com/fsn-suppliers/operation-services/', 'https://franchisesuppliernetwork.com/fsn-suppliers/real-estate-services/', 'https://franchisesuppliernetwork.com/fsn-suppliers/legal-services/', 'https://franchisesuppliernetwork.com/supplier-memberships/', 'https://franchisesuppliernetwork.com/resources/', 'https://franchisesuppliernetwork.com/about/', 'https://franchisesuppliernetwork.com/contact/', 'https://franchisesuppliernetwork.com/fsn-members']"
https://franchisesuppliernetwork.com/featured-supplier/delightree/,3,"['https://franchisesuppliernetwork.com/', 'https://franchisesuppliernetwork.com/assessment/', 'https://franchisesuppliernetwork.com/fsn-suppliers/', 'https://franchisesuppliernetwork.com/fsn-suppliers/financial-services/', 'https://franchisesuppliernetwork.com/fsn-suppliers/human-resources-services/', 'https://franchisesuppliernetwork.com/fsn-suppliers/marketing-services/', 'https://franchisesuppliernetwork.com/fsn-suppliers/operation-services/', 'https://franchisesuppliernetwork.com/fsn-suppliers/real-estate-services/', 'https://franchisesuppliernetwork.com/fsn-suppliers/legal-services/', 'https://franchisesuppliernetwork.com/supplier-memberships/', 'https://franchisesuppliernetwork.com/resources/', 'https://franchisesuppliernetwork.com/about/', 'https://franchisesuppliernetwork.com/contact/', 'https://franchisesuppliernetwork.com/franchise-supplier-wire-022/', 'https://franchisesuppliernetwork.com/fsn-members']"
https://franchisesuppliernetwork.com/featured-supplier/choice-local/,3,"['https://franchisesuppliernetwork.com/', 'https://franchisesuppliernetwork.com/assessment/', 'https://franchisesuppliernetwork.com/fsn-suppliers/', 'https://franchisesuppliernetwork.com/fsn-suppliers/financial-services/', 'https://franchisesuppliernetwork.com/fsn-suppliers/human-resources-services/', 'https://franchisesuppliernetwork.com/fsn-suppliers/marketing-services/', 'https://franchisesuppliernetwork.com/fsn-suppliers/operation-services/', 'https://franchisesuppliernetwork.com/fsn-suppliers/real-estate-services/', 'https://franchisesuppliernetwork.com/fsn-suppliers/legal-services/', 'https://franchisesuppliernetwork.com/supplier-memberships/', 'https://franchisesuppliernetwork.com/resources/', 'https://franchisesuppliernetwork.com/about/', 'https://franchisesuppliernetwork.com/contact/', 'https://franchisesuppliernetwork.com/supplier-wire-001/', 'https://franchisesuppliernetwork.com/fsn-members']"
https://franchisesuppliernetwork.com/featured-supplier/location3/,3,"['https://franchisesuppliernetwork.com/', 'https://franchisesuppliernetwork.com/assessment/', 'https://franchisesuppliernetwork.com/fsn-suppliers/', 'https://franchisesuppliernetwork.com/fsn-suppliers/financial-services/', 'https://franchisesuppliernetwork.com/fsn-suppliers/human-resources-services/', 'https://franchisesuppliernetwork.com/fsn-suppliers/marketing-services/', 'https://franchisesuppliernetwork.com/fsn-suppliers/operation-services/', 'https://franchisesuppliernetwork.com/fsn-suppliers/real-estate-services/', 'https://franchisesuppliernetwork.com/fsn-suppliers/legal-services/', 'https://franchisesuppliernetwork.com/supplier-memberships/', 'https://franchisesuppliernetwork.com/resources/', 'https://franchisesuppliernetwork.com/about/', 'https://franchisesuppliernetwork.com/contact/', 'https://franchisesuppliernetwork.com/fsn-members']"
https://franchisesuppliernetwork.com/featured-supplier/entrepreneur-magazine/,3,"['https://franchisesuppliernetwork.com/', 'https://franchisesuppliernetwork.com/assessment/', 'https://franchisesuppliernetwork.com/fsn-suppliers/', 'https://franchisesuppliernetwork.com/fsn-suppliers/financial-services/', 'https://franchisesuppliernetwork.com/fsn-suppliers/human-resources-services/', 'https://franchisesuppliernetwork.com/fsn-suppliers/marketing-services/', 'https://franchisesuppliernetwork.com/fsn-suppliers/operation-services/', 'https://franchisesuppliernetwork.com/fsn-suppliers/real-estate-services/', 'https://franchisesuppliernetwork.com/fsn-suppliers/legal-services/', 'https://franchisesuppliernetwork.com/supplier-memberships/', 'https://franchisesuppliernetwork.com/resources/', 'https://franchisesuppliernetwork.com/about/', 'https://franchisesuppliernetwork.com/contact/', 'https://franchisesuppliernetwork.com/fsn-members']"
https://franchisesuppliernetwork.com/featured-supplier/fisher-zucker/,3,"['https://franchisesuppliernetwork.com/', 'https://franchisesuppliernetwork.com/assessment/', 'https://franchisesuppliernetwork.com/fsn-suppliers/', 'https://franchisesuppliernetwork.com/fsn-suppliers/financial-services/', 'https://franchisesuppliernetwork.com/fsn-suppliers/human-resources-services/', 'https://franchisesuppliernetwork.com/fsn-suppliers/marketing-services/', 'https://franchisesuppliernetwork.com/fsn-suppliers/operation-services/', 'https://franchisesuppliernetwork.com/fsn-suppliers/real-estate-services/', 'https://franchisesuppliernetwork.com/fsn-suppliers/legal-services/', 'https://franchisesuppliernetwork.com/supplier-memberships/', 'https://franchisesuppliernetwork.com/resources/', 'https://franchisesuppliernetwork.com/about/', 'https://franchisesuppliernetwork.com/contact/', 'https://franchisesuppliernetwork.com/senate-bill-919/', 'https://franchisesuppliernetwork.com/fisherzucker-joint-employer-update-nlrbeef-with-franchising/', 'https://franchisesuppliernetwork.com/fsn-members']"
https://franchisesuppliernetwork.com/featured-supplier/franchise-elevator-pr/,3,"['https://franchisesuppliernetwork.com/', 'https://franchisesuppliernetwork.com/assessment/', 'https://franchisesuppliernetwork.com/fsn-suppliers/', 'https://franchisesuppliernetwork.com/fsn-suppliers/financial-services/', 'https://franchisesuppliernetwork.com/fsn-suppliers/human-resources-services/', 'https://franchisesuppliernetwork.com/fsn-suppliers/marketing-services/', 'https://franchisesuppliernetwork.com/fsn-suppliers/operation-services/', 'https://franchisesuppliernetwork.com/fsn-suppliers/real-estate-services/', 'https://franchisesuppliernetwork.com/fsn-suppliers/legal-services/', 'https://franchisesuppliernetwork.com/supplier-memberships/', 'https://franchisesuppliernetwork.com/resources/', 'https://franchisesuppliernetwork.com/about/', 'https://franchisesuppliernetwork.com/contact/', 'https://franchisesuppliernetwork.com/fsn-members']"
https://franchisesuppliernetwork.com/featured-supplier/fishman-public-relations/,3,"['https://franchisesuppliernetwork.com/', 'https://franchisesuppliernetwork.com/assessment/', 'https://franchisesuppliernetwork.com/fsn-suppliers/', 'https://franchisesuppliernetwork.com/fsn-suppliers/financial-services/', 'https://franchisesuppliernetwork.com/fsn-suppliers/human-resources-services/', 'https://franchisesuppliernetwork.com/fsn-suppliers/marketing-services/', 'https://franchisesuppliernetwork.com/fsn-suppliers/operation-services/', 'https://franchisesuppliernetwork.com/fsn-suppliers/real-estate-services/', 'https://franchisesuppliernetwork.com/fsn-suppliers/legal-services/', 'https://franchisesuppliernetwork.com/supplier-memberships/', 'https://franchisesuppliernetwork.com/resources/', 'https://franchisesuppliernetwork.com/about/', 'https://franchisesuppliernetwork.com/contact/', 'https://franchisesuppliernetwork.com/wp-content/uploads/2022/10/Capriottis-Case-Study-2020.pdf', 'https://franchisesuppliernetwork.com/fsn-members']"
https://franchisesuppliernetwork.com/featured-supplier/nocap-sports/,3,"['https://franchisesuppliernetwork.com/', 'https://franchisesuppliernetwork.com/assessment/', 'https://franchisesuppliernetwork.com/fsn-suppliers/', 'https://franchisesuppliernetwork.com/fsn-suppliers/financial-services/', 'https://franchisesuppliernetwork.com/fsn-suppliers/human-resources-services/', 'https://franchisesuppliernetwork.com/fsn-suppliers/marketing-services/', 'https://franchisesuppliernetwork.com/fsn-suppliers/operation-services/', 'https://franchisesuppliernetwork.com/fsn-suppliers/real-estate-services/', 'https://franchisesuppliernetwork.com/fsn-suppliers/legal-services/', 'https://franchisesuppliernetwork.com/supplier-memberships/', 'https://franchisesuppliernetwork.com/resources/', 'https://franchisesuppliernetwork.com/about/', 'https://franchisesuppliernetwork.com/contact/', 'https://franchisesuppliernetwork.com/wp-content/uploads/2022/10/Franchise-One-Pager.pdf', 'https://franchisesuppliernetwork.com/wp-content/uploads/2022/10/Franchise-Deck-Download-as-PDF.pptx', 'https://franchisesuppliernetwork.com/fsn-members']"
https://franchisesuppliernetwork.com/featured-supplier/serviceminder/,3,"['https://franchisesuppliernetwork.com/', 'https://franchisesuppliernetwork.com/assessment/', 'https://franchisesuppliernetwork.com/fsn-suppliers/', 'https://franchisesuppliernetwork.com/fsn-suppliers/financial-services/', 'https://franchisesuppliernetwork.com/fsn-suppliers/human-resources-services/', 'https://franchisesuppliernetwork.com/fsn-suppliers/marketing-services/', 'https://franchisesuppliernetwork.com/fsn-suppliers/operation-services/', 'https://franchisesuppliernetwork.com/fsn-suppliers/real-estate-services/', 'https://franchisesuppliernetwork.com/fsn-suppliers/legal-services/', 'https://franchisesuppliernetwork.com/supplier-memberships/', 'https://franchisesuppliernetwork.com/resources/', 'https://franchisesuppliernetwork.com/about/', 'https://franchisesuppliernetwork.com/contact/', 'https://franchisesuppliernetwork.com/serviceminder-mosquito-squad-a-buzzing-business-triples/', 'https://franchisesuppliernetwork.com/serviceminder-2024-conference-schedule/', 'https://franchisesuppliernetwork.com/serviceminder-partnerships-2024/', 'https://franchisesuppliernetwork.com/serviceminder-growth/', 'https://franchisesuppliernetwork.com/building-a-strategic-partnership-cabinet-iq-x-serviceminder/', 'https://franchisesuppliernetwork.com/wp-content/uploads/2022/09/Hero-Video-2023-Updated.mov', 'https://franchisesuppliernetwork.com/fsn-members']"
https://franchisesuppliernetwork.com/featured-supplier/onaroll/,3,"['https://franchisesuppliernetwork.com/', 'https://franchisesuppliernetwork.com/assessment/', 'https://franchisesuppliernetwork.com/fsn-suppliers/', 'https://franchisesuppliernetwork.com/fsn-suppliers/financial-services/', 'https://franchisesuppliernetwork.com/fsn-suppliers/human-resources-services/', 'https://franchisesuppliernetwork.com/fsn-suppliers/marketing-services/', 'https://franchisesuppliernetwork.com/fsn-suppliers/operation-services/', 'https://franchisesuppliernetwork.com/fsn-suppliers/real-estate-services/', 'https://franchisesuppliernetwork.com/fsn-suppliers/legal-services/', 'https://franchisesuppliernetwork.com/supplier-memberships/', 'https://franchisesuppliernetwork.com/resources/', 'https://franchisesuppliernetwork.com/about/', 'https://franchisesuppliernetwork.com/contact/', 'https://franchisesuppliernetwork.com/fsn-members']"
https://franchisesuppliernetwork.com/featured-supplier/leasecake/,3,"['https://franchisesuppliernetwork.com/', 'https://franchisesuppliernetwork.com/assessment/', 'https://franchisesuppliernetwork.com/fsn-suppliers/', 'https://franchisesuppliernetwork.com/fsn-suppliers/financial-services/', 'https://franchisesuppliernetwork.com/fsn-suppliers/human-resources-services/', 'https://franchisesuppliernetwork.com/fsn-suppliers/marketing-services/', 'https://franchisesuppliernetwork.com/fsn-suppliers/operation-services/', 'https://franchisesuppliernetwork.com/fsn-suppliers/real-estate-services/', 'https://franchisesuppliernetwork.com/fsn-suppliers/legal-services/', 'https://franchisesuppliernetwork.com/supplier-memberships/', 'https://franchisesuppliernetwork.com/resources/', 'https://franchisesuppliernetwork.com/about/', 'https://franchisesuppliernetwork.com/contact/', 'https://franchisesuppliernetwork.com/expanding-through-strategic-real-estate-development/', 'https://franchisesuppliernetwork.com/understanding-cam-charges/', 'https://franchisesuppliernetwork.com/franchise-lease-negotiations/', 'https://franchisesuppliernetwork.com/leasecake-oney-brands-case-study/', 'https://franchisesuppliernetwork.com/leasecake-restaurant365-integration/', 'https://franchisesuppliernetwork.com/fsn-members']"
https://franchisesuppliernetwork.com/featured-supplier/rallio/,3,"['https://franchisesuppliernetwork.com/', 'https://franchisesuppliernetwork.com/assessment/', 'https://franchisesuppliernetwork.com/fsn-suppliers/', 'https://franchisesuppliernetwork.com/fsn-suppliers/financial-services/', 'https://franchisesuppliernetwork.com/fsn-suppliers/human-resources-services/', 'https://franchisesuppliernetwork.com/fsn-suppliers/marketing-services/', 'https://franchisesuppliernetwork.com/fsn-suppliers/operation-services/', 'https://franchisesuppliernetwork.com/fsn-suppliers/real-estate-services/', 'https://franchisesuppliernetwork.com/fsn-suppliers/legal-services/', 'https://franchisesuppliernetwork.com/supplier-memberships/', 'https://franchisesuppliernetwork.com/resources/', 'https://franchisesuppliernetwork.com/about/', 'https://franchisesuppliernetwork.com/contact/', 'https://franchisesuppliernetwork.com/using-a-i-in-organic-marketing-with-rallio/', 'https://franchisesuppliernetwork.com/rallio-case-study/', 'https://franchisesuppliernetwork.com/fsn-members']"
https://franchisesuppliernetwork.com/fsn-members,11,"['https://franchisesuppliernetwork.com/fsn-members/', 'https://franchisesuppliernetwork.com/fsn-members/my-account', 'https://franchisesuppliernetwork.com/fsn-members/profile', 'https://franchisesuppliernetwork.com/wp-login.php?action=logout&redirect_to=https%3A%2F%2Ffranchisesuppliernetwork.com%2Ffsn-members%2F&_wpnonce=e00910ea49', 'https://franchisesuppliernetwork.com/fsn-members/brand-lists/', 'https://franchisesuppliernetwork.com/fsn-members/bootcamp/', 'https://franchisesuppliernetwork.com/fsn-members/sponsorships/?event_type=all', 'https://franchisesuppliernetwork.com/fsn-members/show-member/', 'https://franchisesuppliernetwork.com/fsn-members/add-content/', 'https://franchisesuppliernetwork.com/fsn-members/add-content/?post_id=4597', 'https://franchisesuppliernetwork.com/fsn-members/add-content/?post_id=4591', 'https://franchisesuppliernetwork.com/fsn-members/add-content/?post_id=4590', 'https://franchisesuppliernetwork.com/fsn-members/add-content/?post_id=4587', 'https://franchisesuppliernetwork.com/fsn-members/add-content/?post_id=4583', 'https://franchisesuppliernetwork.com/fsn-members/page/2/', 'https://franchisesuppliernetwork.com/fsn-members/page/3/', 'https://franchisesuppliernetwork.com/fsn-members/page/4/', 'https://franchisesuppliernetwork.com/fsn-members/page/5/', 'https://franchisesuppliernetwork.com/fsn-members/page/10/', 'https://franchisesuppliernetwork.com/fsn-members/page/20/', 'https://franchisesuppliernetwork.com/fsn-members/page/30/', 'https://franchisesuppliernetwork.com/fsn-members/page/37/']"
